{
  "$schema": "../../../schemas/skill-metadata.schema.json",
  "migrated_from": "SKILL.md frontmatter",
  "migration_date": "2025-12-30",
  "version": "1.0.1",
  "category": "foundry",
  "tags": [
    "cognitive-science",
    "cross-lingual",
    "meta-prompting",
    "frame-selection",
    "reasoning-enhancement"
  ],
  "author": "system",
  "verix-description": [
    "assert|neutral] Cross-lingual cognitive framing system that activates different reasoning patterns by embedding multi-lingual activation phrases. Use when facing complex tasks that benefit from specific thinking patt [ground:given] [conf:0.95] [state:confirmed"
  ]
}
