{
  "$schema": "../../../schemas/skill-metadata.schema.json",
  "migrated_from": "SKILL.md frontmatter",
  "migration_date": "2025-12-30",
  "version": "1.0.0",
  "category": "security",
  "tags": [
    "security",
    "network",
    "isolation",
    "trusted-domains",
    "configuration"
  ],
  "author": "ruv",
  "verix-description": [
    "assert|neutral] Configure Claude Code sandbox network isolation with trusted domains",
    "custom access policies",
    "and environment variables [ground:given] [conf:0.95] [state:confirmed"
  ]
}
