{
  "$schema": "../../../schemas/skill-metadata.schema.json",
  "migrated_from": "SKILL.md frontmatter",
  "migration_date": "2025-12-30",
  "version": "2.1.0",
  "category": "operations",
  "subcategory": "automation",
  "tier": "gold",
  "tags": [
    "hooks",
    "automation",
    "claude-code",
    "pre-operation",
    "post-operation",
    "session-management",
    "rbac",
    "security"
  ],
  "author": "Context Cascade",
  "cognitive_frame": "aspectual",
  "verix_compliant": true,
  "dependencies": {
    "skills": [],
    "agents": [
      "coder",
      "reviewer",
      "swarm-memory-manager"
    ],
    "mcp_servers": [
      "memory-mcp"
    ]
  },
  "integration_points": {
    "hook_reference": "hooks/12fa/docs/CLAUDE-CODE-HOOKS-REFERENCE.md",
    "identity_system": "hooks/12fa/utils/identity.js",
    "permission_checker": "hooks/12fa/permission-checker.js",
    "budget_tracker": "hooks/12fa/budget-tracker.js",
    "security_hooks": "hooks/12fa/security-hooks/"
  },
  "hook_event_types": [
    "UserPromptSubmit",
    "SessionStart",
    "PreToolUse",
    "PermissionRequest",
    "PostToolUse",
    "Notification",
    "Stop",
    "SubagentStop",
    "PreCompact",
    "SessionEnd"
  ],
  "examples": [
    "Validate Bash commands before execution",
    "Auto-format files after editing",
    "Log all tool operations to audit trail",
    "Auto-assign agents based on file type"
  ],
  "related_skills": [
    "hook-creator",
    "cicd-intelligent-recovery",
    "cascade-orchestrator"
  ],
  "metrics": {
    "avg_execution_time_ms": 2000,
    "success_rate": 0.96,
    "complexity": "high"
  }
}
