{
  "$schema": "../../../schemas/skill-metadata.schema.json",
  "migrated_from": "SKILL.md frontmatter",
  "migration_date": "2025-12-30",
  "version": "1.0.0",
  "category": "specialists",
  "tags": [
    "system-design",
    "architecture",
    "scaling",
    "infrastructure",
    "interviews"
  ],
  "author": "Context Cascade (Dr. Synthara methodology)",
  "verix-description": [
    "assert|neutral] Comprehensive system design methodology using Dr. Synthara's organism-based approach. Treats systems as living organisms with specialized organs (API",
    "DB",
    "cache",
    "queues)",
    "circulation (load balancing)",
    "[ground:given] [conf:0.95] [state:confirmed"
  ]
}
