{
  "$schema": "../../../schemas/skill-metadata.schema.json",
  "migrated_from": "SKILL.md frontmatter",
  "migration_date": "2025-12-30",
  "version": "1.0.0",
  "category": "Infrastructure",
  "tags": [
    "general"
  ],
  "author": "system",
  "verix-description": [
    "assert|neutral] Docker containerization specialist for multi-stage builds",
    "layer caching optimization",
    "security scanning with Trivy",
    "Docker Compose orchestration",
    "BuildKit advanced features",
    "and production-grade Dock [ground:given] [conf:0.95] [state:confirmed"
  ]
}
