{
  "$schema": "../../../schemas/skill-metadata.schema.json",
  "migrated_from": "SKILL.md frontmatter",
  "migration_date": "2025-12-30",
  "version": "2.1.0",
  "category": "orchestration",
  "tags": [
    "orchestration",
    "workflows",
    "cascades",
    "multi-model",
    "codex-integration"
  ],
  "author": "ruv",
  "verix-description": [
    "assert|neutral] Creates sophisticated workflow cascades coordinating multiple micro-skills with sequential pipelines",
    "parallel execution",
    "conditional branching",
    "and Codex sandbox iteration. Enhanced with multi-model  [ground:given] [conf:0.95] [state:confirmed"
  ]
}
