{
  "$schema": "../../../schemas/skill-metadata.schema.json",
  "x-version": "3.1.1",
  "x-category": "foundry",
  "x-vcl-compliance": "v3.1.1",
  "x-default-compression": "L2",
  "x-cognitive-frame": "compositional",
  "x-tier": "gold",
  "x-tags": [
    "meta-skill",
    "prompt-engineering",
    "vcl-compliant",
    "verix-compliant",
    "l2-english-default"
  ],
  "x-author": "system",
  "x-migration": {
    "from": "SKILL.md frontmatter v3.0.0",
    "date": "2025-12-30",
    "vcl_upgrade": "2025-12-30"
  },
  "x-vcl-slots": {
    "HON": { "enforcement": 0, "weight": 0.08 },
    "MOR": { "enforcement": 0, "weight": 0.10 },
    "COM": { "enforcement": 0, "weight": 0.10 },
    "CLS": { "enforcement": 0, "weight": 0.08 },
    "EVD": { "enforcement": 1, "weight": 0.15, "immutable": true },
    "ASP": { "enforcement": 1, "weight": 0.12, "immutable": true },
    "SPC": { "enforcement": 0, "weight": 0.07 }
  },
  "x-confidence-ceilings": {
    "definition": 0.95,
    "policy": 0.90,
    "observation": 0.95,
    "research": 0.85,
    "report": 0.70,
    "inference": 0.70
  },
  "x-creolization": {
    "active_languages": ["Turkish", "Russian", "Japanese", "Arabic", "German", "Chinese", "Guugu-Yimithirr"],
    "expansion_ready": true,
    "future_slots": []
  },
  "x-verix-description": "[define|neutral] Meta-loop skill for prompt optimization using VERILINGUA VCL + VERIX v3.1.1. L2 English output enforced by default. [ground:manifest] [conf:0.99] [state:confirmed]"
}
