{
  "$schema": "../../../schemas/skill-metadata.schema.json",
  "migrated_from": "SKILL.md frontmatter",
  "migration_date": "2025-12-30",
  "version": "2.0",
  "category": "research",
  "tags": [
    "general"
  ],
  "author": "system",
  "verix-description": [
    "assert|neutral] Standalone tool for automated source evaluation using program-of-thought scoring rubrics. Outputs credibility (1-5)",
    "bias (1-5)",
    "and priority (1-5) scores with transparent explanations. Use when evalu [ground:given] [conf:0.95] [state:confirmed"
  ]
}
