{
  "$schema": "../../../schemas/skill-metadata.schema.json",
  "migrated_from": "SKILL.md frontmatter",
  "migration_date": "2025-12-30",
  "version": "2.0.0",
  "category": "orchestration",
  "tags": [
    "coordination",
    "multi-agent",
    "orchestration",
    "topology",
    "consensus"
  ],
  "author": "ruv",
  "verix-description": [
    "assert|neutral] Advanced multi-agent coordination patterns including mesh",
    "hierarchical",
    "and adaptive topologies with state synchronization",
    "consensus mechanisms",
    "and distributed task execution. Use when orchestratin [ground:given] [conf:0.95] [state:confirmed"
  ]
}
