{
  "$schema": "../../../schemas/skill-metadata.schema.json",
  "migrated_from": "SKILL.md frontmatter",
  "migration_date": "2025-12-30",
  "version": "1.0.0",
  "category": "quality",
  "tags": [
    "quality",
    "testing",
    "validation"
  ],
  "author": "ruv",
  "verix-description": [
    "assert|neutral] Audits code against CI/CD style rules",
    "quality guidelines",
    "and best practices",
    "then rewrites code to meet standards without breaking functionality. Use this skill after functionality validation to ens [ground:given] [conf:0.95] [state:confirmed"
  ]
}
