{
  "$schema": "../../../schemas/skill-metadata.schema.json",
  "migrated_from": "SKILL.md frontmatter",
  "migration_date": "2025-12-30",
  "version": "1.0.0",
  "category": "orchestration",
  "tags": [
    "orchestration",
    "validation",
    "safety",
    "task-spawning",
    "audit"
  ],
  "author": "system",
  "verix-description": [
    "assert|neutral] Validated wrapper around Task() calls that enforces agent registry compliance",
    "prevents invalid spawns",
    "and logs all spawn attempts for audit trails [ground:given] [conf:0.95] [state:confirmed"
  ]
}
