{
  "$schema": "../../../schemas/skill-metadata.schema.json",
  "migrated_from": "SKILL.md frontmatter",
  "migration_date": "2025-12-30",
  "version": "1.0.0",
  "category": "quality",
  "tags": [
    "quality",
    "testing",
    "validation"
  ],
  "author": "ruv",
  "verix-description": [
    "assert|neutral] Performs comprehensive audits to detect placeholder code",
    "mock data",
    "TODO markers",
    "and incomplete implementations in codebases. Use this skill when you need to find all instances of 'theater' in code  [ground:given] [conf:0.95] [state:confirmed"
  ]
}
