{
  "$schema": "../../../schemas/skill-metadata.schema.json",
  "migrated_from": "SKILL.md frontmatter",
  "migration_date": "2025-12-30",
  "version": "1.0.0",
  "category": "Infrastructure",
  "tags": [
    "general"
  ],
  "author": "system",
  "verix-description": [
    "assert|neutral] Terraform infrastructure as code specialist for multi-cloud deployments (AWS/GCP/Azure)",
    "state management with remote backends",
    "module development",
    "drift detection",
    "policy as code with Sentinel/OPA",
    "a [ground:given] [conf:0.95] [state:confirmed"
  ]
}
