{
  "$schema": "../../../schemas/skill-metadata.schema.json",
  "migrated_from": "SKILL.md frontmatter",
  "migration_date": "2025-12-30",
  "version": "1.0.0",
  "category": "coordination",
  "tags": [
    "hive-mind",
    "swarm",
    "queen-worker",
    "consensus",
    "collective-intelligence"
  ],
  "author": "Claude Flow Team",
  "verix-description": [
    "assert|neutral] Advanced Hive Mind collective intelligence system for queen-led multi-agent coordination with consensus mechanisms and persistent memory [ground:given] [conf:0.95] [state:confirmed"
  ]
}
