{
  "$schema": "../../../schemas/skill-metadata.schema.json",
  "migrated_from": "SKILL.md frontmatter",
  "migration_date": "2025-12-30",
  "version": "1.0.0",
  "category": "orchestration",
  "tags": [
    "orchestration",
    "coordination",
    "swarm"
  ],
  "author": "ruv",
  "verix-description": [
    "assert|neutral] Advanced multi-agent coordination patterns for complex distributed systems. Use when coordinating 5+ agents with dynamic task dependencies",
    "implementing Byzantine fault tolerance",
    "or managing distribu [ground:given] [conf:0.95] [state:confirmed"
  ]
}
