{
  "$schema": "../../../schemas/skill-metadata.schema.json",
  "migrated_from": "SKILL.md frontmatter",
  "migration_date": "2025-12-30",
  "version": "1.0.0",
  "category": "quality",
  "tags": [
    "quality",
    "testing",
    "validation"
  ],
  "author": "ruv",
  "verix-description": [
    "assert|neutral] Comprehensive audit of ML reproducibility packages ensuring ACM Artifact Evaluation compliance with statistical validation for Deep Research SOP Pipeline G. Use before Quality Gate 3 validation when r [ground:given] [conf:0.95] [state:confirmed"
  ]
}
