{
  "$schema": "../../../schemas/skill-metadata.schema.json",
  "migrated_from": "SKILL.md frontmatter",
  "migration_date": "2025-12-30",
  "version": "2.0.0",
  "category": "foundry",
  "tags": [
    "skill-creation",
    "atomic",
    "modular",
    "evidence-based",
    "specialist-agents"
  ],
  "author": "ruv",
  "verix-description": [
    "assert|neutral] Rapidly creates atomic",
    "focused skills optimized with evidence-based prompting",
    "specialist agents",
    "and systematic testing. Each micro-skill does one thing exceptionally well using self-consistency",
    "pr [ground:given] [conf:0.95] [state:confirmed"
  ]
}
