{
  "$schema": "../../../schemas/skill-metadata.schema.json",
  "migrated_from": "SKILL.md frontmatter",
  "migration_date": "2025-12-30",
  "version": "1.0.0",
  "category": "Specialized Development",
  "tags": [
    "specialists",
    "domain-expert"
  ],
  "author": "ruv",
  "verix-description": [
    "assert|neutral] Unified language specialists for Python and TypeScript development",
    "providing expert guidance for modern backend APIs",
    "type-safe development",
    "async optimization",
    "and framework integration (Django/Flas [ground:given] [conf:0.95] [state:confirmed"
  ]
}
