{
  "$schema": "../../../schemas/skill-metadata.schema.json",
  "migrated_from": "SKILL.md frontmatter",
  "migration_date": "2025-12-30",
  "version": "1.0.0",
  "category": "quality",
  "tags": [
    "quality",
    "testing",
    "validation"
  ],
  "author": "ruv",
  "verix-description": [
    "assert|neutral] 3-part dogfooding workflow Phase 2 - Query Memory-MCP for similar past fixes using vector search",
    "rank patterns",
    "optionally apply transformations. 10-30 seconds execution time. [ground:given] [conf:0.95] [state:confirmed"
  ]
}
