{
  "$schema": "../../../schemas/skill-metadata.schema.json",
  "migrated_from": "SKILL.md frontmatter",
  "migration_date": "2025-12-30",
  "version": "1.0.0",
  "category": "orchestration",
  "tags": [
    "orchestration",
    "meta-loop",
    "recursive-improvement",
    "foundry",
    "ralph-wiggum"
  ],
  "author": "Context Cascade",
  "verix-description": [
    "assert|neutral] Orchestrates the recursive self-improvement meta loop by coordinating foundry skills (agent-creator",
    "skill-forge",
    "prompt-forge) with Ralph Wiggum persistence loops. Use when running recursive improvem [ground:given] [conf:0.95] [state:confirmed"
  ]
}
