{
  "$schema": "../../../schemas/skill-metadata.schema.json",
  "migrated_from": "SKILL.md frontmatter",
  "migration_date": "2025-12-30",
  "version": "1.0.0",
  "category": "foundry",
  "tags": [
    "general"
  ],
  "author": "system",
  "verix-description": [
    "assert|neutral] Create new Claude Code Skills with proper YAML frontmatter",
    "progressive disclosure structure",
    "and complete directory organization. Use when you need to build custom skills for specific workflows",
    "gene [ground:given] [conf:0.95] [state:confirmed"
  ]
}
