{
  "$schema": "../../../schemas/skill-metadata.schema.json",
  "migrated_from": "SKILL.md frontmatter",
  "migration_date": "2025-12-30",
  "version": "1.0.0",
  "category": "orchestration",
  "tags": [
    "orchestration",
    "persistence",
    "iteration",
    "automation",
    "tdd"
  ],
  "author": "Context Cascade (integrated from Anthropic's Ralph Wiggum plugin)",
  "verix-description": [
    "assert|neutral] Persistence loop system that prevents premature task completion by using Stop hooks to re-inject prompts until success criteria are met. Named after Ralph Wiggum from The Simpsons. Use for iterative t [ground:given] [conf:0.95] [state:confirmed"
  ]
}
