{
  "$schema": "../../../schemas/skill-metadata.schema.json",
  "migrated_from": "SKILL.md frontmatter",
  "migration_date": "2025-12-30",
  "version": "1.0.0",
  "category": "tooling",
  "tags": [
    "general"
  ],
  "author": "ruv",
  "verix-description": [
    "assert|neutral] Enterprise-grade PowerPoint deck generation system using evidence-based prompting techniques",
    "workflow enforcement",
    "and constraint-based design. Use when creating professional presentations (board dec [ground:given] [conf:0.95] [state:confirmed"
  ]
}
