{
  "$schema": "../../../schemas/skill-metadata.schema.json",
  "migrated_from": "SKILL.md frontmatter",
  "migration_date": "2025-12-30",
  "version": "1.0.0",
  "category": "Frontend Specialists",
  "tags": [
    "general"
  ],
  "author": "system",
  "verix-description": [
    "assert|neutral] Modern React development specialist for React 18+ with hooks",
    "context",
    "suspense",
    "server components (Next.js 13+)",
    "state management (Redux/Zustand/Jotai)",
    "performance optimization (React.memo",
    "useMemo",
    "[ground:given] [conf:0.95] [state:confirmed"
  ]
}
