{
  "$schema": "../../../schemas/skill-metadata.schema.json",
  "migrated_from": "SKILL.md frontmatter",
  "migration_date": "2025-12-30",
  "version": "1.0.0",
  "category": "security",
  "tags": [
    "security",
    "compliance",
    "safety"
  ],
  "author": "ruv",
  "verix-description": [
    "assert|neutral] Advanced binary analysis with runtime execution and symbolic path exploration (RE Levels 3-4). Use when need runtime behavior",
    "memory dumps",
    "secret extraction",
    "or input synthesis to reach specific pro [ground:given] [conf:0.95] [state:confirmed"
  ]
}
