{
  "$schema": "../../../schemas/skill-metadata.schema.json",
  "migrated_from": "SKILL.md frontmatter",
  "migration_date": "2025-12-30",
  "version": "2.0.0",
  "category": "platform",
  "tags": [
    "authentication",
    "sandboxes",
    "deployment",
    "payments",
    "gamification"
  ],
  "author": "Flow Nexus",
  "verix-description": [
    "assert|neutral] Comprehensive Flow Nexus platform management - authentication",
    "sandboxes",
    "app deployment",
    "payments",
    "and challenges (Gold Tier) [ground:given] [conf:0.95] [state:confirmed"
  ]
}
