{
  "$schema": "../../../schemas/skill-metadata.schema.json",
  "migrated_from": "SKILL.md frontmatter",
  "migration_date": "2025-12-30",
  "version": "1.0.0",
  "category": "Cloud Platforms",
  "tags": [
    "general"
  ],
  "author": "system",
  "verix-description": [
    "assert|neutral] Kubernetes orchestration expert for Helm chart development",
    "custom operators and CRDs",
    "service mesh (Istio/Linkerd)",
    "auto-scaling strategies (HPA/VPA/Cluster Autoscaler)",
    "multi-cluster management",
    "and [ground:given] [conf:0.95] [state:confirmed"
  ]
}
