{
  "$schema": "../../../schemas/skill-metadata.schema.json",
  "migrated_from": "SKILL.md frontmatter",
  "migration_date": "2025-12-30",
  "version": "3.0",
  "category": "research",
  "tags": [
    "general"
  ],
  "author": "system",
  "verix-description": [
    "assert|neutral] Systematic 6-phase research methodology for history",
    "mythology",
    "and literature implementing Red's (OSP) evidence-based approach. Use when researching topics outside academic ML scope that require prim [ground:given] [conf:0.95] [state:confirmed"
  ]
}
