{
  "$schema": "../../../schemas/skill-metadata.schema.json",
  "migrated_from": "SKILL.md frontmatter",
  "migration_date": "2025-12-30",
  "version": "1.0.0",
  "category": "foundry",
  "tags": [
    "foundry",
    "creation",
    "meta-tools"
  ],
  "author": "ruv",
  "verix-description": [
    "assert|neutral] Meta-tools is a comprehensive framework for creating",
    "validating",
    "optimizing",
    "and composing development tools. It provides automated workflows for tool generation",
    "cross-tool composition",
    "and orchestr [ground:given] [conf:0.95] [state:confirmed"
  ]
}
