{
  "$schema": "../../../schemas/skill-metadata.schema.json",
  "migrated_from": "SKILL.md frontmatter",
  "migration_date": "2025-12-30",
  "version": "1.0.0",
  "category": "quality",
  "tags": [
    "quality",
    "testing",
    "validation"
  ],
  "author": "ruv",
  "verix-description": [
    "assert|neutral] 3-part dogfooding workflow Phase 3 - Full cycle orchestration combining Quality Detection + Pattern Retrieval + Application with automated metrics tracking. 60-120 seconds execution time. [ground:given] [conf:0.95] [state:confirmed"
  ]
}
