{
  "$schema": "../../../schemas/skill-metadata.schema.json",
  "migrated_from": "SKILL.md frontmatter",
  "migration_date": "2025-12-30",
  "version": "1.0.0",
  "category": "Language Specialists",
  "tags": [
    "general"
  ],
  "author": "system",
  "verix-description": [
    "assert|neutral] Expert Python development specialist for backend APIs",
    "async/await optimization",
    "Django/Flask/FastAPI frameworks",
    "type hints",
    "packaging",
    "and performance profiling. Use when building Python backend ser [ground:given] [conf:0.95] [state:confirmed"
  ]
}
