{
  "$schema": "../../../schemas/skill-metadata.schema.json",
  "migrated_from": "SKILL.md frontmatter",
  "migration_date": "2025-12-30",
  "version": "1.0.0",
  "category": "platforms",
  "tags": [
    "orchestration",
    "multi-model",
    "routing",
    "automation",
    "gemini"
  ],
  "author": "system",
  "verix-description": [
    "assert|neutral] Intelligent multi-model orchestrator that routes tasks to Gemini or Codex based on their strengths [ground:given] [conf:0.95] [state:confirmed"
  ]
}
