{
  "$schema": "../../../schemas/skill-metadata.schema.json",
  "migrated_from": "SKILL.md frontmatter",
  "migration_date": "2025-12-30",
  "version": "1.0.0",
  "category": "Frontend Development",
  "tags": [
    "specialists",
    "domain-expert"
  ],
  "author": "ruv",
  "verix-description": [
    "assert|neutral] Comprehensive frontend development system with specialist agents for React",
    "Vue",
    "UI components",
    "CSS styling",
    "accessibility",
    "and performance optimization. Use when building modern web applications",
    "com [ground:given] [conf:0.95] [state:confirmed"
  ]
}
