{
  "$schema": "../../../schemas/skill-metadata.schema.json",
  "migrated_from": "SKILL.md frontmatter",
  "migration_date": "2025-12-30",
  "version": "1.0.0",
  "category": "quality",
  "tags": [
    "quality",
    "testing",
    "validation"
  ],
  "author": "ruv",
  "verix-description": [
    "assert|neutral] 3-part dogfooding workflow Phase 1 - Run Connascence analysis",
    "store results in Memory-MCP with WHO/WHEN/PROJECT/WHY tagging. 30-60 seconds execution time. [ground:given] [conf:0.95] [state:confirmed"
  ]
}
