{
  "$schema": "../../../schemas/skill-metadata.schema.json",
  "migrated_from": "SKILL.md frontmatter",
  "migration_date": "2025-12-30",
  "version": "2.1.0",
  "category": "quality",
  "tags": [
    "general"
  ],
  "author": "system",
  "verix-description": [
    "assert|neutral] Machine-readable code clarity auditing with cognitive load optimization. 3-phase SOP - Metrics Collection (code-analyzer) -> Rubric Evaluation (reviewer) -> Fix Generation (coder + analyst). Detects t [ground:given] [conf:0.95] [state:confirmed"
  ]
}
