{
  "$schema": "../../../schemas/skill-metadata.schema.json",
  "migrated_from": "SKILL.md frontmatter",
  "migration_date": "2025-12-30",
  "version": "2.0",
  "category": "research",
  "tags": [
    "general"
  ],
  "author": "system",
  "verix-description": [
    "assert|neutral] Systematic reading methodology for academic papers and complex texts implementing Blue's (OSP) 3-phase approach. Use when reading papers/books that require deep understanding",
    "searchable annotation sy [ground:given] [conf:0.95] [state:confirmed"
  ]
}
