{
  "$schema": "../../../schemas/skill-metadata.schema.json",
  "migrated_from": "SKILL.md frontmatter",
  "migration_date": "2025-12-30",
  "version": "1.0.0",
  "category": "tooling",
  "tags": [
    "workflow",
    "teleport",
    "session-management",
    "web",
    "cli"
  ],
  "author": "ruv",
  "verix-description": [
    "assert|neutral] Guide users on when to use Claude Code Web vs CLI and seamlessly teleport sessions between environments [ground:given] [conf:0.95] [state:confirmed"
  ]
}
