{
  "$schema": "../../../schemas/skill-metadata.schema.json",
  "migrated_from": "SKILL.md frontmatter",
  "migration_date": "2025-12-30",
  "version": "1.1.0",
  "category": "quality",
  "tags": [
    "quality",
    "testing",
    "validation"
  ],
  "author": "ruv",
  "verix-description": [
    "assert|neutral] Validates that code actually works through sandbox testing",
    "execution verification",
    "and systematic debugging. Use this skill after code generation or modification to ensure functionality is genuine ra [ground:given] [conf:0.95] [state:confirmed"
  ]
}
