{
  "$schema": "../../../schemas/skill-metadata.schema.json",
  "migrated_from": "SKILL.md frontmatter",
  "migration_date": "2025-12-30",
  "version": "1.0.0",
  "category": "Observability",
  "tags": [
    "general"
  ],
  "author": "system",
  "verix-description": [
    "assert|neutral] OpenTelemetry specialist for distributed tracing",
    "metrics collection",
    "log correlation",
    "auto-instrumentation",
    "custom spans",
    "trace context propagation",
    "and sampling strategies. Use when implementing obs [ground:given] [conf:0.95] [state:confirmed"
  ]
}
