{
  "$schema": "../../../schemas/skill-metadata.schema.json",
  "migrated_from": "SKILL.md frontmatter",
  "migration_date": "2025-12-30",
  "version": "1.0.0",
  "category": "IoT Security, Embedded Systems, Firmware Reverse Engineering",
  "tags": [
    "security",
    "compliance",
    "safety"
  ],
  "author": "ruv",
  "verix-description": [
    "assert|neutral] Firmware extraction and IoT security analysis (RE Level 5) for routers and embedded systems. Use when analyzing IoT firmware",
    "extracting embedded filesystems (SquashFS/JFFS2/CramFS)",
    "finding hardcoded [ground:given] [conf:0.95] [state:confirmed"
  ]
}
