{
  "$schema": "../../../schemas/skill-metadata.schema.json",
  "migrated_from": "SKILL.md frontmatter",
  "migration_date": "2025-12-30",
  "version": "3.2.0",
  "category": "delivery",
  "tags": [
    "delivery",
    "development",
    "workflow"
  ],
  "author": "ruv",
  "verix-description": [
    "assert|neutral] Generate, validate, and maintain REST/GraphQL documentation with runnable examples and explicit confidence ceilings [ground:SKILL.md] [conf:0.95] [state:confirmed"
  ]
}
