{
  "$schema": "../../../schemas/skill-metadata.schema.json",
  "migrated_from": "SKILL.md frontmatter",
  "migration_date": "2025-12-30",
  "version": "2.2.0",
  "category": "security",
  "tags": [
    "general"
  ],
  "author": "system",
  "verix-description": [
    "assert|neutral] Security specialists hub for application security",
    "vulnerability assessment",
    "and secure coding. Routes to specialists for OWASP",
    "penetration testing",
    "and security hardening. Use for security audits",
    "v [ground:given] [conf:0.95] [state:confirmed"
  ]
}
