{
  "$schema": "../../../schemas/skill-metadata.schema.json",
  "migrated_from": "SKILL.md frontmatter",
  "migration_date": "2025-12-30",
  "version": "2.1.0",
  "category": "foundry",
  "tags": [
    "expertise",
    "learning",
    "mental-model",
    "self-improve",
    "agent-experts"
  ],
  "author": "system",
  "verix-description": [
    "assert|neutral] Manages domain expertise files for Agent Experts-style learning. Handles expertise creation",
    "validation",
    "pre-action loading",
    "and post-build auto-updates. Enables agents to accumulate persistent domain [ground:given] [conf:0.95] [state:confirmed"
  ]
}
