{
  "$schema": "../../../schemas/skill-metadata.schema.json",
  "migrated_from": "SKILL.md frontmatter",
  "migration_date": "2025-12-30",
  "version": "1.0.0",
  "category": "Compliance",
  "tags": [
    "general"
  ],
  "author": "system",
  "verix-description": [
    "assert|neutral] WCAG 2.1 AA/AAA accessibility compliance specialist for ARIA attributes",
    "keyboard navigation",
    "screen reader testing",
    "color contrast validation",
    "semantic HTML",
    "and automated a11y testing with axe-core/ [ground:given] [conf:0.95] [state:confirmed"
  ]
}
