{
  "$schema": "../../../schemas/skill-metadata.schema.json",
  "migrated_from": "SKILL.md frontmatter",
  "migration_date": "2025-12-30",
  "version": "1.0.0",
  "category": "workflow",
  "tags": [
    "streaming",
    "pipeline",
    "chaining",
    "multi-agent",
    "workflow"
  ],
  "author": "ruv",
  "verix-description": [
    "assert|neutral] Stream-JSON chaining for multi-agent pipelines",
    "data transformation",
    "and sequential workflows [ground:given] [conf:0.95] [state:confirmed"
  ]
}
