{
  "$schema": "../../../schemas/skill-metadata.schema.json",
  "migrated_from": "SKILL.md frontmatter",
  "migration_date": "2025-12-30",
  "version": "1.0.0",
  "category": "security",
  "tags": [
    "security",
    "sandbox",
    "configuration",
    "network-isolation"
  ],
  "author": "ruv",
  "verix-description": [
    "assert|neutral] Configure Claude Code sandbox security with file system and network isolation boundaries [ground:given] [conf:0.95] [state:confirmed"
  ]
}
