{
  "$schema": "../../../schemas/skill-metadata.schema.json",
  "migrated_from": "SKILL.md frontmatter",
  "migration_date": "2025-12-30",
  "version": "1.0.0",
  "category": "foundry",
  "tags": [
    "foundry",
    "creation",
    "meta-tools"
  ],
  "author": "pilot-test",
  "verix-description": [
    "assert|neutral] Automatically format code files using the appropriate formatter based on file type",
    "providing clear feedback on changes made [ground:given] [conf:0.95] [state:confirmed"
  ]
}
