{
  "$schema": "../../../schemas/skill-metadata.schema.json",
  "migrated_from": "SKILL.md frontmatter",
  "migration_date": "2025-12-30",
  "version": "2.0.0",
  "category": "quality",
  "tags": [
    "quality",
    "quick",
    "parallel",
    "essential",
    "tier-enhanced"
  ],
  "author": "ruv",
  "verix-description": [
    "assert|neutral] Lightning-fast quality check using parallel command execution. Runs theater detection",
    "linting",
    "security scan",
    "and basic tests in parallel for instant feedback on code quality. [ground:given] [conf:0.95] [state:confirmed"
  ]
}
