{
  "$schema": "../../../schemas/skill-metadata.schema.json",
  "migrated_from": "SKILL.md frontmatter",
  "migration_date": "2025-12-30",
  "version": "3.2.0",
  "category": "delivery",
  "tags": [
    "debugging",
    "rca",
    "codex",
    "testing",
    "essential"
  ],
  "author": "ruv",
  "verix-description": [
    "assert|neutral] Advanced defect eradication with evidence-backed hypotheses, guarded fixes, and ceilinged validation [ground:SKILL.md] [conf:0.95] [state:confirmed"
  ]
}
