{
  "$schema": "../../../schemas/skill-metadata.schema.json",
  "migrated_from": "SKILL.md frontmatter",
  "migration_date": "2025-12-30",
  "version": "1.0.0",
  "category": "Language Specialists",
  "tags": [
    "general"
  ],
  "author": "system",
  "verix-description": [
    "assert|neutral] Modern TypeScript development specialist for Node.js backends",
    "Express/Nest.js frameworks",
    "type-safe frontend development",
    "npm package creation",
    "and monorepo management with Turborepo/nx. Use when bui [ground:given] [conf:0.95] [state:confirmed"
  ]
}
