{
  "$schema": "../../../schemas/skill-metadata.schema.json",
  "migrated_from": "SKILL.md frontmatter",
  "migration_date": "2025-12-30",
  "version": "1.0.0",
  "category": "quality",
  "tags": [
    "quality",
    "testing",
    "validation"
  ],
  "author": "ruv",
  "verix-description": [
    "assert|neutral] Comprehensive code review workflow coordinating quality",
    "security",
    "performance",
    "and documentation reviewers. 4-hour timeline for thorough multi-agent review. [ground:given] [conf:0.95] [state:confirmed"
  ]
}
