{
  "$schema": "../../../schemas/skill-metadata.schema.json",
  "migrated_from": "SKILL.md frontmatter",
  "migration_date": "2025-12-30",
  "version": "3.2.0",
  "category": "delivery",
  "tags": [
    "sparc",
    "tdd",
    "architecture",
    "orchestration",
    "methodology"
  ],
  "author": "Claude Flow",
  "verix-description": [
    "assert|neutral] SPARC (Specification, Pseudocode, Architecture, Refinement, Completion) delivery framework with explicit checkpoints and validation [ground:given] [conf:0.95] [state:confirmed"
  ]
}
