{
  "$schema": "../../../schemas/skill-metadata.schema.json",
  "migrated_from": "SKILL.md frontmatter",
  "migration_date": "2025-12-30",
  "version": "2.0.0",
  "category": "foundry",
  "tags": [
    "foundry",
    "creation",
    "meta-tools"
  ],
  "author": "ruv",
  "verix-description": [
    "assert|neutral] Generate clean",
    "production-ready boilerplate templates for Node.js",
    "Python",
    "Go",
    "React",
    "Vue",
    "and other frameworks. Use when starting new projects or creating consistent foundational code structures. Pr [ground:given] [conf:0.95] [state:confirmed"
  ]
}
