{
  "$schema": "../../../schemas/skill-metadata.schema.json",
  "migrated_from": "SKILL.md frontmatter",
  "migration_date": "2025-12-30",
  "version": "1.0.0",
  "category": "ai-ml",
  "tags": [
    "neural-networks",
    "distributed-training",
    "machine-learning",
    "deep-learning",
    "flow-nexus"
  ],
  "author": "ruv",
  "verix-description": [
    "assert|neutral] Train and deploy neural networks in distributed E2B sandboxes with Flow Nexus [ground:given] [conf:0.95] [state:confirmed"
  ]
}
