{
  "$schema": "../../../schemas/skill-metadata.schema.json",
  "migrated_from": "SKILL.md frontmatter",
  "migration_date": "2025-12-30",
  "version": "1.0.0",
  "category": "Cloud Platforms",
  "tags": [
    "general"
  ],
  "author": "system",
  "verix-description": [
    "assert|neutral] AWS cloud specialist for infrastructure as code with CloudFormation/CDK",
    "serverless with Lambda",
    "container orchestration with ECS/Fargate",
    "database management with RDS",
    "storage with S3/CloudFront CDN",
    "[ground:given] [conf:0.95] [state:confirmed"
  ]
}
