{
  "$schema": "../../../schemas/skill-metadata.schema.json",
  "migrated_from": "SKILL.md frontmatter",
  "migration_date": "2025-12-30",
  "version": "2.0.0",
  "category": "quality-assurance",
  "tags": [
    "verification",
    "truth-scoring",
    "quality",
    "rollback",
    "metrics"
  ],
  "author": "ruv",
  "verix-description": [
    "assert|neutral] Comprehensive truth scoring",
    "code quality verification",
    "and automatic rollback system with 0.95 accuracy threshold for ensuring high-quality agent outputs and codebase reliability. [ground:given] [conf:0.95] [state:confirmed"
  ]
}
