{
  "$schema": "../../../schemas/skill-metadata.schema.json",
  "migrated_from": "SKILL.md frontmatter",
  "migration_date": "2025-12-30",
  "version": "1.0.0",
  "category": "security",
  "tags": [
    "security",
    "compliance",
    "safety"
  ],
  "author": "ruv",
  "verix-description": [
    "assert|neutral] Regulatory compliance validation and documentation for GDPR",
    "HIPAA",
    "SOC 2",
    "PCI-DSS",
    "and ISO 27001. Use when implementing compliance controls",
    "conducting compliance audits",
    "or preparing for certificati [ground:given] [conf:0.95] [state:confirmed"
  ]
}
