{
  "$schema": "../../../schemas/skill-metadata.schema.json",
  "migrated_from": "SKILL.md frontmatter",
  "migration_date": "2025-12-30",
  "version": "2.0.0",
  "category": "platforms",
  "tags": [
    "ml",
    "deep-learning",
    "training",
    "evaluation",
    "deployment"
  ],
  "author": "SPARC System",
  "verix-description": [
    "assert|neutral] Comprehensive machine learning development with training",
    "evaluation",
    "and deployment capabilities. Use when training models",
    "developing ML pipelines",
    "or deploying machine learning systems. [ground:given] [conf:0.95] [state:confirmed"
  ]
}
