{
  "$schema": "../../../schemas/skill-metadata.schema.json",
  "migrated_from": "SKILL.md frontmatter",
  "migration_date": "2025-12-30",
  "version": "1.0.0",
  "category": "quality",
  "tags": [
    "quality",
    "testing",
    "validation"
  ],
  "author": "ruv",
  "verix-description": [
    "assert|neutral] Self-improvement system enabling Claude Code to detect code quality violations",
    "retrieve past fix patterns from memory",
    "and orchestrate automated improvement cycles. Uses Connascence Analyzer for 7+ v [ground:given] [conf:0.95] [state:confirmed"
  ]
}
