{
  "$schema": "../../../schemas/skill-metadata.schema.json",
  "migrated_from": "SKILL.md frontmatter",
  "migration_date": "2025-12-30",
  "version": "2.0.0",
  "category": "specialized-development",
  "tags": [
    "machine-learning",
    "mlops",
    "experiment-tracking",
    "hyperparameter-tuning",
    "model-registry"
  ],
  "author": "ruv",
  "verix-description": [
    "assert|neutral] Machine Learning development workflow with experiment tracking",
    "hyperparameter optimization",
    "and MLOps integration [ground:given] [conf:0.95] [state:confirmed"
  ]
}
