{
  "$schema": "../../../schemas/skill-metadata.schema.json",
  "migrated_from": "SKILL.md frontmatter",
  "migration_date": "2025-12-30",
  "version": "1.1.0",
  "category": "security",
  "tags": [
    "debugging",
    "rca",
    "root-cause-analysis",
    "reverse-engineering",
    "investigation"
  ],
  "author": "system",
  "verix-description": [
    "assert|neutral] Perform systematic reverse engineering root cause analysis to debug issues and find real underlying problems [ground:given] [conf:0.95] [state:confirmed"
  ]
}
