{
  "$schema": "../../../schemas/skill-metadata.schema.json",
  "migrated_from": "SKILL.md frontmatter",
  "migration_date": "2025-12-30",
  "version": "1.1.0",
  "category": "quality",
  "tags": [
    "review",
    "pr",
    "github",
    "swarm",
    "essential"
  ],
  "author": "ruv",
  "verix-description": [
    "assert|neutral] Comprehensive PR review using multi-agent swarm with specialized reviewers for security",
    "performance",
    "style",
    "tests",
    "and documentation. Provides detailed feedback with auto-fix suggestions and merge re [ground:given] [conf:0.95] [state:confirmed"
  ]
}
