{
  "$schema": "../../../schemas/skill-metadata.schema.json",
  "migrated_from": "SKILL.md frontmatter",
  "migration_date": "2025-12-30",
  "version": "2.0.0",
  "category": "orchestration",
  "tags": [
    "commands",
    "interface",
    "ergonomics",
    "auto-discovery",
    "composition"
  ],
  "author": "ruv",
  "verix-description": [
    "assert|neutral] Creates ergonomic slash commands (/command) that provide fast",
    "unambiguous access to micro-skills",
    "cascades",
    "and agents. Enhanced with auto-discovery",
    "intelligent routing",
    "parameter validation",
    "and co [ground:given] [conf:0.95] [state:confirmed"
  ]
}
