{
  "$schema": "../../../schemas/skill-metadata.schema.json",
  "migrated_from": "SKILL.md frontmatter",
  "migration_date": "2025-12-30",
  "version": "2.1.0",
  "category": "platforms",
  "tags": [
    "general"
  ],
  "author": "system",
  "verix-description": [
    "assert|neutral] Platform services hub routing to Flow Nexus platform skills. Use for cloud AI platform management",
    "neural network training",
    "swarm deployment",
    "and platform authentication. Routes to flow-nexus-neural",
    "[ground:given] [conf:0.95] [state:confirmed"
  ]
}
