{
  "$schema": "../../../schemas/skill-metadata.schema.json",
  "migrated_from": "SKILL.md frontmatter",
  "migration_date": "2025-12-30",
  "version": "1.0.0",
  "category": "security",
  "tags": [
    "security",
    "compliance",
    "safety"
  ],
  "author": "ruv",
  "verix-description": [
    "assert|neutral] Fast binary analysis with string reconnaissance and static disassembly (RE Levels 1-2). Use when triaging suspicious binaries",
    "extracting IOCs quickly",
    "or performing initial malware analysis. Complete [ground:given] [conf:0.95] [state:confirmed"
  ]
}
