{
  "$schema": "../../../schemas/skill-metadata.schema.json",
  "migrated_from": "SKILL.md frontmatter",
  "migration_date": "2025-12-30",
  "version": "1.0.0",
  "category": "orchestration",
  "tags": [
    "orchestration",
    "coordination",
    "swarm"
  ],
  "author": "ruv",
  "verix-description": [
    "assert|neutral] Loop 2 of the Three-Loop Integrated Development System. META-SKILL that dynamically compiles Loop 1 plans into agent+skill execution graphs. Queen Coordinator selects optimal agents from 86-agent regi [ground:given] [conf:0.95] [state:confirmed"
  ]
}
