{
  "$schema": "../../../schemas/skill-metadata.schema.json",
  "migrated_from": "SKILL.md frontmatter",
  "migration_date": "2025-12-30",
  "version": "2.0.0",
  "category": "github",
  "tags": [
    "code-review",
    "github",
    "swarm",
    "pr-management",
    "automation"
  ],
  "author": "Claude Code Flow",
  "verix-description": [
    "assert|neutral] Comprehensive GitHub code review with AI-powered swarm coordination [ground:given] [conf:0.95] [state:confirmed"
  ]
}
