{
  "$schema": "../../../schemas/skill-metadata.schema.json",
  "migrated_from": "SKILL.md frontmatter",
  "migration_date": "2025-12-30",
  "version": "3.2.0",
  "category": "delivery",
  "tags": [
    "i18n",
    "translation",
    "localization",
    "automation",
    "react"
  ],
  "author": "ruv",
  "verix-description": [
    "assert|neutral] Automate localization with structured key management, locale plumbing, validation, and ceilinged confidence [ground:SKILL.md] [conf:0.95] [state:confirmed"
  ]
}
