{
  "$schema": "../../../schemas/skill-metadata.schema.json",
  "migrated_from": "SKILL.md frontmatter",
  "migration_date": "2025-12-30",
  "version": "1.0.0",
  "category": "orchestration",
  "tags": [
    "orchestration",
    "coordination",
    "swarm"
  ],
  "author": "ruv",
  "verix-description": [
    "assert|neutral] Orchestrate multi-agent swarms with agentic-flow for parallel task execution",
    "dynamic topology",
    "and intelligent coordination. Use when scaling beyond single agents",
    "implementing complex workflows",
    "or  [ground:given] [conf:0.95] [state:confirmed"
  ]
}
