{
  "$schema": "../../../schemas/skill-metadata.schema.json",
  "migrated_from": "SKILL.md frontmatter",
  "migration_date": "2025-12-30",
  "version": "1.0.0",
  "category": "Database Specialists",
  "tags": [
    "general"
  ],
  "author": "system",
  "verix-description": [
    "assert|neutral] SQL database specialist for PostgreSQL/MySQL optimization",
    "EXPLAIN plan analysis",
    "index optimization",
    "query rewriting",
    "partitioning strategies",
    "connection pooling",
    "and database performance tuning. Use [ground:given] [conf:0.95] [state:confirmed"
  ]
}
