{
  "$schema": "../../../schemas/skill-metadata.schema.json",
  "migrated_from": "SKILL.md frontmatter",
  "migration_date": "2025-12-30",
  "version": "2.0.0",
  "category": "orchestration",
  "tags": [
    "swarm",
    "distributed",
    "parallel",
    "research",
    "testing"
  ],
  "author": "Claude Flow Team",
  "verix-description": [
    "assert|neutral] Advanced swarm orchestration patterns for research",
    "development",
    "testing",
    "and complex distributed workflows [ground:given] [conf:0.95] [state:confirmed"
  ]
}
