{
  "$schema": "../../../schemas/skill-metadata.schema.json",
  "migrated_from": "SKILL.md frontmatter",
  "migration_date": "2025-12-30",
  "version": "1.0.0",
  "category": "orchestration",
  "tags": [
    "swarm",
    "workflow",
    "cloud",
    "agents",
    "automation"
  ],
  "author": "ruv",
  "verix-description": [
    "assert|neutral] Cloud-based AI swarm deployment and event-driven workflow automation with Flow Nexus platform [ground:given] [conf:0.95] [state:confirmed"
  ]
}
