{
  "$schema": "../../../schemas/skill-metadata.schema.json",
  "migrated_from": "SKILL.md frontmatter",
  "migration_date": "2025-12-30",
  "version": "1.0.0",
  "category": "Frontend Development",
  "tags": [
    "general"
  ],
  "author": "system",
  "verix-description": [
    "assert|neutral] Comprehensive UI/UX enhancement cascade that transforms generic websites into polished",
    "accessible",
    "brand-differentiated experiences. Combines constraint-based design",
    "WCAG accessibility",
    "micro-intera [ground:given] [conf:0.95] [state:confirmed"
  ]
}
