{
  "$schema": "../../../schemas/skill-metadata.schema.json",
  "migrated_from": "SKILL.md frontmatter",
  "migration_date": "2025-12-30",
  "version": "3.0.1",
  "category": "foundry",
  "tags": [
    "foundry",
    "creation",
    "meta-tools"
  ],
  "author": "ruv",
  "verix-description": [
    "assert|neutral] Advanced skill creation system for Claude Code that combines deep intent analysis",
    "evidence-based prompting principles",
    "and systematic skill engineering. Use when creating new skills or refining exist [ground:given] [conf:0.95] [state:confirmed"
  ]
}
