{
  "$schema": "../../../schemas/skill-metadata.schema.json",
  "migrated_from": "SKILL.md frontmatter",
  "migration_date": "2025-12-30",
  "version": "2.1.0",
  "category": "research",
  "tags": [
    "general"
  ],
  "author": "system",
  "verix-description": [
    "assert|neutral] Observability specialists hub for monitoring",
    "logging",
    "tracing",
    "and alerting. Routes to specialists for metrics collection",
    "log aggregation",
    "distributed tracing",
    "and incident response. Use for system  [ground:given] [conf:0.95] [state:confirmed"
  ]
}
