{
  "$schema": "../../../schemas/skill-metadata.schema.json",
  "migrated_from": "SKILL.md frontmatter",
  "migration_date": "2025-12-30",
  "version": "1.0.0",
  "category": "platforms",
  "tags": [
    "platforms",
    "integration",
    "tools"
  ],
  "author": "ruv",
  "verix-description": [
    "assert|neutral] Implement adaptive learning with ReasoningBank for pattern recognition",
    "strategy optimization",
    "and continuous improvement. Use when building self-learning agents",
    "optimizing workflows",
    "or implementing [ground:given] [conf:0.95] [state:confirmed"
  ]
}
